<?xml version="1.0"?>
<codes>
  <code>
    <Decimal>0</Decimal>
    <Name>Reserved</Name>
    <Description>Reserved</Description>
  </code>
  <code>
    <Decimal>1</Decimal>
    <Name>system</Name>
    <Description>System</Description>
  </code>
  <code>
    <Decimal>2</Decimal>
    <Name>interfaces</Name>
    <Description>Interfaces</Description>
  </code>
  <code>
    <Decimal>3</Decimal>
    <Name>at</Name>
    <Description>Address Translation</Description>
  </code>
  <code>
    <Decimal>4</Decimal>
    <Name>ip</Name>
    <Description>Internet Protocol</Description>
  </code>
  <code>
    <Decimal>5</Decimal>
    <Name>icmp</Name>
    <Description>Internet Control Message</Description>
  </code>
  <code>
    <Decimal>6</Decimal>
    <Name>tcp</Name>
    <Description>Transmission Control Protocol</Description>
  </code>
  <code>
    <Decimal>7</Decimal>
    <Name>udp</Name>
    <Description>User Datagram Protocol</Description>
  </code>
  <code>
    <Decimal>8</Decimal>
    <Name>egp</Name>
    <Description>Exterior Gateway Protocol</Description>
  </code>
  <code>
    <Decimal>9</Decimal>
    <Name>cmot</Name>
    <Description>CMIP over TCP</Description>
  </code>
  <code>
    <Decimal>10</Decimal>
    <Name>transmission</Name>
    <Description>Transmission</Description>
  </code>
  <code>
    <Decimal>11</Decimal>
    <Name>snmp</Name>
    <Description>Simple Network Management</Description>
  </code>
  <code>
    <Decimal>12</Decimal>
    <Name>GenericIF</Name>
    <Description>Generic Interface Extensions</Description>
  </code>
  <code>
    <Decimal>13</Decimal>
    <Name>Appletalk</Name>
    <Description>Appletalk Networking</Description>
  </code>
  <code>
    <Decimal>14</Decimal>
    <Name>ospf</Name>
    <Description>Open Shortest Path First</Description>
  </code>
  <code>
    <Decimal>15</Decimal>
    <Name>bgp</Name>
    <Description>Border Gateway Protocol</Description>
  </code>
  <code>
    <Decimal>16</Decimal>
    <Name>rmon</Name>
    <Description>Remote Network Monitoring</Description>
  </code>
  <code>
    <Decimal>17</Decimal>
    <Name>bridge</Name>
    <Description>Bridge Objects</Description>
  </code>
  <code>
    <Decimal>18</Decimal>
    <Name>DecnetP4</Name>
    <Description>Decnet Phase 4</Description>
  </code>
  <code>
    <Decimal>19</Decimal>
    <Name>Character</Name>
    <Description>Character Streams</Description>
  </code>
  <code>
    <Decimal>20</Decimal>
    <Name>snmpParties</Name>
    <Description>SNMP Parties</Description>
  </code>
  <code>
    <Decimal>21</Decimal>
    <Name>snmpSecrets</Name>
    <Description>SNMP Secrets</Description>
  </code>
  <code>
    <Decimal>22</Decimal>
    <Name>snmpDot3RptrMgt</Name>
    <Description></Description>
  </code>
  <code>
    <Decimal>23</Decimal>
    <Name>rip-2</Name>
    <Description>Routing Information Protocol</Description>
  </code>
  <code>
    <Decimal>24</Decimal>
    <Name>ident</Name>
    <Description>Identification Protocol</Description>
  </code>
  <code>
    <Decimal>25</Decimal>
    <Name>host</Name>
    <Description>Host Resources</Description>
  </code>
  <code>
    <Decimal>26</Decimal>
    <Name>snmpDot3MauMgt</Name>
    <Description>802.3 Medium Attachment Units</Description>
  </code>
  <code>
    <Decimal>27</Decimal>
    <Name>application</Name>
    <Description>Network Services Monitoring</Description>
  </code>
  <code>
    <Decimal>28</Decimal>
    <Name>mta</Name>
    <Description>Mail Monitoring</Description>
  </code>
  <code>
    <Decimal>29</Decimal>
    <Name>dsa</Name>
    <Description>X.500 Directory Monitoring</Description>
  </code>
  <code>
    <Decimal>30</Decimal>
    <Name>IANAifType</Name>
    <Description>Interface Types</Description>
  </code>
  <code>
    <Decimal>31</Decimal>
    <Name>ifMIB</Name>
    <Description>Interface Types</Description>
  </code>
  <code>
    <Decimal>32</Decimal>
    <Name>dns</Name>
    <Description>Domain Name System</Description>
  </code>
  <code>
    <Decimal>33</Decimal>
    <Name>upsMIB</Name>
    <Description>Uninterruptible Power Supplies</Description>
  </code>
  <code>
    <Decimal>34</Decimal>
    <Name>snanauMIB</Name>
    <Description>SNA NAU MIB</Description>
  </code>
  <code>
    <Decimal>35</Decimal>
    <Name>etherMIB</Name>
    <Description>Ethernet-like generic objects</Description>
  </code>
  <code>
    <Decimal>36</Decimal>
    <Name>sipMIB</Name>
    <Description>SMDS inteface objects</Description>
  </code>
  <code>
    <Decimal>37</Decimal>
    <Name>atmMIB</Name>
    <Description>ATM objects</Description>
  </code>
  <code>
    <Decimal>38</Decimal>
    <Name>mdmMIB</Name>
    <Description>Dial-up modem objects</Description>
  </code>
  <code>
    <Decimal>39</Decimal>
    <Name>rdbmsMIB</Name>
    <Description>relational database objects</Description>
  </code>
  <code>
    <Decimal>40</Decimal>
    <Name>flowMIB</Name>
    <Description>traffic flow objects</Description>
  </code>
  <code>
    <Decimal>41</Decimal>
    <Name>snaDLC</Name>
    <Description>SNA SDLC</Description>
  </code>
  <code>
    <Decimal>42</Decimal>
    <Name>dot5SrMIB</Name>
    <Description>Token Ring Station Source Route</Description>
  </code>
  <code>
    <Decimal>43</Decimal>
    <Name>printMIB</Name>
    <Description>Printer</Description>
  </code>
  <code>
    <Decimal>44</Decimal>
    <Name>mipMIB</Name>
    <Description>Mobile IP</Description>
  </code>
  <code>
    <Decimal>45</Decimal>
    <Name>dot12MIB</Name>
    <Description>IEEE 802.12</Description>
  </code>
  <code>
    <Decimal>46</Decimal>
    <Name>dlswMIB</Name>
    <Description>Data Link Switch</Description>
  </code>
  <code>
    <Decimal>47</Decimal>
    <Name>entityMIB</Name>
    <Description>Entity</Description>
  </code>
  <code>
    <Decimal>48</Decimal>
    <Name>ipMIB</Name>
    <Description>Internet Protocol MIB Module</Description>
  </code>
  <code>
    <Decimal>49</Decimal>
    <Name>tcpMIB</Name>
    <Description>TCP MIB Module</Description>
  </code>
  <code>
    <Decimal>50</Decimal>
    <Name>udpMIB</Name>
    <Description>UDP MIB Module</Description>
  </code>
  <code>
    <Decimal>51</Decimal>
    <Name>rsvp</Name>
    <Description>RSVP MIB</Description>
  </code>
  <code>
    <Decimal>52</Decimal>
    <Name>intSrv</Name>
    <Description>Integrated Services MIB</Description>
  </code>
  <code>
    <Decimal>53</Decimal>
    <Name>vgRptrMIB</Name>
    <Description>IEEE 802.12 Repeater MIB</Description>
  </code>
  <code>
    <Decimal>54</Decimal>
    <Name>sysApplMIB</Name>
    <Description>System Application MIB</Description>
  </code>
  <code>
    <Decimal>55</Decimal>
    <Name>ipv6MIB</Name>
    <Description>IP Version 6 MIB</Description>
  </code>
  <code>
    <Decimal>56</Decimal>
    <Name>ipv6IcmpMIB</Name>
    <Description>ICMPv6 Group MIB</Description>
  </code>
  <code>
    <Decimal>57</Decimal>
    <Name>marsMIB</Name>
    <Description>Multicast Address Resolution</Description>
  </code>
  <code>
    <Decimal>58</Decimal>
    <Name>perfHistTCMIB</Name>
    <Description>PerfHist-TC-MIB</Description>
  </code>
  <code>
    <Decimal>59</Decimal>
    <Name>atmAccountingInformationMIB</Name>
    <Description></Description>
  </code>
  <code>
    <Decimal>60</Decimal>
    <Name>accountingControlMIB</Name>
    <Description></Description>
  </code>
  <code>
    <Decimal>61</Decimal>
    <Name>IANATn3270eTCMIB</Name>
    <Description>IANATn3270eTC-MIB</Description>
  </code>
  <code>
    <Decimal>62</Decimal>
    <Name>applicationMib</Name>
    <Description>Application Management MIB</Description>
  </code>
  <code>
    <Decimal>63</Decimal>
    <Name>schedMIB</Name>
    <Description>Disman Schedule MIB</Description>
  </code>
  <code>
    <Decimal>64</Decimal>
    <Name>scriptMIB</Name>
    <Description>Disman Script MIB</Description>
  </code>
  <code>
    <Decimal>65</Decimal>
    <Name>wwwMIB</Name>
    <Description>WWW Service MIB</Description>
  </code>
  <code>
    <Decimal>66</Decimal>
    <Name>dsMIB</Name>
    <Description>Directory Server Monitoring</Description>
  </code>
  <code>
    <Decimal>67</Decimal>
    <Name>radiusMIB</Name>
    <Description>RADIUS MIB</Description>
  </code>
  <code>
    <Decimal>68</Decimal>
    <Name>vrrpMIB</Name>
    <Description>VRRP MIB (DEPRECATED)</Description>
  </code>
  <code>
    <Decimal>69</Decimal>
    <Name>docsDev</Name>
    <Description>DOCS-CABLE-DEVICE-MIB</Description>
  </code>
  <code>
    <Decimal>70</Decimal>
    <Name>etherChipsetMIB</Name>
    <Description>ETHER-CHIPSET-MIB</Description>
  </code>
  <code>
    <Decimal>71</Decimal>
    <Name>nhrpMIB</Name>
    <Description>NBMA NHRP MIB</Description>
  </code>
  <code>
    <Decimal>72</Decimal>
    <Name>ianaAddressFamily</Name>
    <Description>ianaAddressFamilyNumbers</Description>
  </code>
  <code>
    <Decimal>73</Decimal>
    <Name>ianalanguagemib</Name>
    <Description>IANA Language MIB</Description>
  </code>
  <code>
    <Decimal>74</Decimal>
    <Name>agentxMIB</Name>
    <Description>AGENTX-MIB</Description>
  </code>
  <code>
    <Decimal>75</Decimal>
    <Name>fcFeMIB</Name>
    <Description>FIBRE-CHANNEL-FE-MIB</Description>
  </code>
  <code>
    <Decimal>76</Decimal>
    <Name>inetAddressMIB</Name>
    <Description>INET Address MIB</Description>
  </code>
  <code>
    <Decimal>77</Decimal>
    <Name>ifInvertedStackMIB</Name>
    <Description>IF Inverted Stack MIB</Description>
  </code>
  <code>
    <Decimal>78</Decimal>
    <Name>hcnumTC</Name>
    <Description>HCNUM Textual Conventions</Description>
  </code>
  <code>
    <Decimal>79</Decimal>
    <Name>ptopoMIB</Name>
    <Description>PTOPO-MIB</Description>
  </code>
  <code>
    <Decimal>80</Decimal>
    <Name>pingMIB</Name>
    <Description>DISMAN-PING-MIB</Description>
  </code>
  <code>
    <Decimal>81</Decimal>
    <Name>traceRouteMIB</Name>
    <Description>DISMAN-TRACEROUTE-MIB</Description>
  </code>
  <code>
    <Decimal>82</Decimal>
    <Name>lookupMIB</Name>
    <Description>DISMAN-NSLOOKUP-MIB</Description>
  </code>
  <code>
    <Decimal>83</Decimal>
    <Name>ipMRouteStdMIB</Name>
    <Description>IPMROUTE-STD-MIB</Description>
  </code>
  <code>
    <Decimal>84</Decimal>
    <Name>ianaipRouteProtocolMIB</Name>
    <Description>IANA-RTPROTO-MIB</Description>
  </code>
  <code>
    <Decimal>85</Decimal>
    <Name>igmpStdMIB</Name>
    <Description>IGMP-STD-MIB</Description>
  </code>
  <code>
    <Decimal>86</Decimal>
    <Name>frAtmIwfMIB</Name>
    <Description>FR-ATM-PVC-SERVICE-IWF-MIB</Description>
  </code>
  <code>
    <Decimal>87</Decimal>
    <Name>rtpMIB</Name>
    <Description>RTP-MIB</Description>
  </code>
  <code>
    <Decimal>88</Decimal>
    <Name>dismanEventMIB</Name>
    <Description>DISMAN-EVENT-MIB</Description>
  </code>
  <code>
    <Decimal>89</Decimal>
    <Name>copsClientMIB</Name>
    <Description>COPS-CLIENT-MIB</Description>
  </code>
  <code>
    <Decimal>90</Decimal>
    <Name>dismanExpressionMIB</Name>
    <Description>DISMAN-EXPRESSION-MIB</Description>
  </code>
  <code>
    <Decimal>91</Decimal>
    <Name>mldMIB</Name>
    <Description>IPV6-MLD-MIB</Description>
  </code>
  <code>
    <Decimal>92</Decimal>
    <Name>notificationLogMIB</Name>
    <Description>NOTIFICATION-LOG-MIB</Description>
  </code>
  <code>
    <Decimal>93</Decimal>
    <Name>pintMIB</Name>
    <Description>PINT-MIB</Description>
  </code>
  <code>
    <Decimal>94</Decimal>
    <Name>circuitIfMIB</Name>
    <Description>CIRCUIT-IF-MIB</Description>
  </code>
  <code>
    <Decimal>95</Decimal>
    <Name>frsldMIB</Name>
    <Description>FRSLD-MIB</Description>
  </code>
  <code>
    <Decimal>96</Decimal>
    <Name>diffServDSCPTC</Name>
    <Description>DIFFSERV-DSCP-TC</Description>
  </code>
  <code>
    <Decimal>97</Decimal>
    <Name>diffServMib</Name>
    <Description>DIFFSERV-MIB</Description>
  </code>
  <code>
    <Decimal>98</Decimal>
    <Name>gsmpMIB</Name>
    <Description>GSMP-MIB</Description>
  </code>
  <code>
    <Decimal>99</Decimal>
    <Name>entitySensorMIB</Name>
    <Description>ENTITY-SENSOR-MIB</Description>
  </code>
  <code>
    <Decimal>100</Decimal>
    <Name>transportAddressMIB</Name>
    <Description>TRANSPORT-ADDRESS-MIB</Description>
  </code>
  <code>
    <Decimal>101</Decimal>
    <Name>mallocMIB</Name>
    <Description>MALLOC-MIB</Description>
  </code>
  <code>
    <Decimal>102</Decimal>
    <Name>ianamallocMIB</Name>
    <Description>IANA-MALLOC-MIB</Description>
  </code>
  <code>
    <Decimal>103</Decimal>
    <Name>ipv6FlowLabelMIB</Name>
    <Description>IPV6-FLOW-LABEL-MIB</Description>
  </code>
  <code>
    <Decimal>104</Decimal>
    <Name>sctpMIB</Name>
    <Description>SCTP-MIB</Description>
  </code>
  <code>
    <Decimal>105</Decimal>
    <Name>powerEthernetMIB</Name>
    <Description>POWER-ETHERNET-MIB</Description>
  </code>
  <code>
    <Decimal>106</Decimal>
    <Name>ianaCharsetMIB</Name>
    <Description>IANA-CHARSET-MIB</Description>
  </code>
  <code>
    <Decimal>107</Decimal>
    <Name>hcPerfHistTCMIB</Name>
    <Description>HC-PerfHist-TC-MIB</Description>
  </code>
  <code>
    <Decimal>108</Decimal>
    <Name>diffServConfigMib</Name>
    <Description>DIFFSERV-CONFIG-MIB</Description>
  </code>
  <code>
    <Decimal>109</Decimal>
    <Name>ianaPrinterMIB</Name>
    <Description>IANA-PRINTER-MIB</Description>
  </code>
  <code>
    <Decimal>110</Decimal>
    <Name>ianafinisherMIB</Name>
    <Description>IANA-FINISHER-MIB</Description>
  </code>
  <code>
    <Decimal>111</Decimal>
    <Name>finisherMIB</Name>
    <Description>Finisher-MIB</Description>
  </code>
  <code>
    <Decimal>112</Decimal>
    <Name>rohcMIB</Name>
    <Description>ROHC-MIB</Description>
  </code>
  <code>
    <Decimal>113</Decimal>
    <Name>rohcUncmprMIB</Name>
    <Description>ROHC-UNCOMPRESSED-MIB</Description>
  </code>
  <code>
    <Decimal>114</Decimal>
    <Name>rohcRtpMIB</Name>
    <Description>ROHC-RTP-MIB</Description>
  </code>
  <code>
    <Decimal>115</Decimal>
    <Name>tripTC</Name>
    <Description>TRIP-TC</Description>
  </code>
  <code>
    <Decimal>116</Decimal>
    <Name>tripMIB</Name>
    <Description>TRIP-MIB</Description>
  </code>
  <code>
    <Decimal>117</Decimal>
    <Name>arcMib</Name>
    <Description>ARC-MIB</Description>
  </code>
  <code>
    <Decimal>118</Decimal>
    <Name>alarmMIB</Name>
    <Description>ALARM-MIB</Description>
  </code>
  <code>
    <Decimal>119</Decimal>
    <Name>ianaItuAlarmNumbers</Name>
    <Description>IANA-ITU-ALARM-TC</Description>
  </code>
  <code>
    <Decimal>120</Decimal>
    <Name>ituAlarmTc</Name>
    <Description>ITU-ALARM-TC</Description>
  </code>
  <code>
    <Decimal>121</Decimal>
    <Name>ituAlarmMIB</Name>
    <Description>ITU-ALARM-MIB</Description>
  </code>
  <code>
    <Decimal>122</Decimal>
    <Name>teMIB</Name>
    <Description>TE-MIB</Description>
  </code>
  <code>
    <Decimal>123</Decimal>
    <Name>natMIB</Name>
    <Description>NAT-MIB (DEPRECATED)</Description>
  </code>
  <code>
    <Decimal>124</Decimal>
    <Name>pmMib</Name>
    <Description>POLICY-BASED-MANAGEMENT-MIB</Description>
  </code>
  <code>
    <Decimal>125</Decimal>
    <Name>docsSubMgt</Name>
    <Description>docsSubMgt</Description>
  </code>
  <code>
    <Decimal>126</Decimal>
    <Name>docsBpi2MIB</Name>
    <Description>DOCS-IETF-BPI2-MIB</Description>
  </code>
  <code>
    <Decimal>127</Decimal>
    <Name>docsIetfQosMIB</Name>
    <Description>DOCS-IETF-QOS-MIB</Description>
  </code>
  <code>
    <Decimal>128</Decimal>
    <Name>ianaIppmMetricsRegistry</Name>
    <Description>IANA-IPPM-METRICS-REGISTRY</Description>
  </code>
  <code>
    <Decimal>129</Decimal>
    <Name>vpnTcMIB</Name>
    <Description>VPN-TC-STD-MIB</Description>
  </code>
  <code>
    <Decimal>130</Decimal>
    <Name>entityStateTc</Name>
    <Description>ENTITY-STATE-TC-MIB</Description>
  </code>
  <code>
    <Decimal>131</Decimal>
    <Name>entityStateMIB</Name>
    <Description>ENTITY-STATE-MIB</Description>
  </code>
  <code>
    <Decimal>132</Decimal>
    <Name>docsDevNotifMIB</Name>
    <Description>DOCS-IETF-CABLE-DEVICE-NOTIFICATION-MIB</Description>
  </code>
  <code>
    <Decimal>133</Decimal>
    <Name>mip6MIB</Name>
    <Description>MOBILEIPV6-MIB</Description>
  </code>
  <code>
    <Decimal>134</Decimal>
    <Name>rstpMIB</Name>
    <Description>RSTP-MIB</Description>
  </code>
  <code>
    <Decimal>135</Decimal>
    <Name>t11FcNameServerMIB</Name>
    <Description>T11-FC-NAME-SERVER-MIB</Description>
  </code>
  <code>
    <Decimal>136</Decimal>
    <Name>t11TcMIB</Name>
    <Description>T11-TC-MIB</Description>
  </code>
  <code>
    <Decimal>137</Decimal>
    <Name>t11FcFabricAddrMgrMIB</Name>
    <Description>T11-FC-FABRIC-ADDR-MGR-MIB</Description>
  </code>
  <code>
    <Decimal>138</Decimal>
    <Name>isisMIB</Name>
    <Description>ISIS-MIB</Description>
  </code>
  <code>
    <Decimal>139</Decimal>
    <Name>scsiMIB</Name>
    <Description>SCSI-MIB</Description>
  </code>
  <code>
    <Decimal>140</Decimal>
    <Name>pktcIetfMtaMib</Name>
    <Description>PKTC-IETF-MTA-MIB</Description>
  </code>
  <code>
    <Decimal>141</Decimal>
    <Name>ipsAuthMibModule</Name>
    <Description>IPS-AUTH-MIB</Description>
  </code>
  <code>
    <Decimal>142</Decimal>
    <Name>iscsiMibModule</Name>
    <Description>ISCSI-MIB</Description>
  </code>
  <code>
    <Decimal>143</Decimal>
    <Name>t11FcFspfMIB</Name>
    <Description>T11-FC-FSPF-MIB</Description>
  </code>
  <code>
    <Decimal>144</Decimal>
    <Name>t11FcRouteMIB</Name>
    <Description>T11-FC-ROUTE-MIB</Description>
  </code>
  <code>
    <Decimal>145</Decimal>
    <Name>radiusDynAuthClientMIB</Name>
    <Description>RADIUS-DYNAUTH-CLIENT-MIB</Description>
  </code>
  <code>
    <Decimal>146</Decimal>
    <Name>radiusDynAuthServerMIB</Name>
    <Description>RADIUS-DYNAUTH-SERVER-MIB</Description>
  </code>
  <code>
    <Decimal>147</Decimal>
    <Name>t11FcVirtualFabricMIB</Name>
    <Description>T11-FC-VIRTUAL-FABRIC-MIB</Description>
  </code>
  <code>
    <Decimal>148</Decimal>
    <Name>sipTC</Name>
    <Description>SIP-TC-MIB</Description>
  </code>
  <code>
    <Decimal>149</Decimal>
    <Name>sipCommonMIB</Name>
    <Description>SIP-COMMON-MIB</Description>
  </code>
  <code>
    <Decimal>150</Decimal>
    <Name>sipUAMIB</Name>
    <Description>SIP-UA-MIB</Description>
  </code>
  <code>
    <Decimal>151</Decimal>
    <Name>sipServerMIB</Name>
    <Description>SIP-SERVER-MIB</Description>
  </code>
  <code>
    <Decimal>152</Decimal>
    <Name>ianagmplstcMIB</Name>
    <Description>IANA-GMPLS-TC-MIB</Description>
  </code>
  <code>
    <Decimal>153</Decimal>
    <Name>spdmib</Name>
    <Description>IPSEC-SPD-MIB</Description>
  </code>
  <code>
    <Decimal>154</Decimal>
    <Name>ianamauMIB</Name>
    <Description>IANA-MAU-MIB</Description>
  </code>
  <code>
    <Decimal>155</Decimal>
    <Name>dot3EponMIB</Name>
    <Description>DOT3-EPON-MIB</Description>
  </code>
  <code>
    <Decimal>156</Decimal>
    <Name>tcpEStatsMIB</Name>
    <Description>TCP Extended Statistics MIB</Description>
  </code>
  <code>
    <Decimal>157</Decimal>
    <Name>pimStdMIB</Name>
    <Description>PIM routers Management MIB</Description>
  </code>
  <code>
    <Decimal>158</Decimal>
    <Name>dot3OamMIB</Name>
    <Description>DOT3-OAM-MIB</Description>
  </code>
  <code>
    <Decimal>159</Decimal>
    <Name>t11FabricLockMIB</Name>
    <Description>T11-FC-FABRIC-LOCK-MIB</Description>
  </code>
  <code>
    <Decimal>160</Decimal>
    <Name>t11ZoneServerMIB</Name>
    <Description>T11-FC-ZONE-SERVER-MIB</Description>
  </code>
  <code>
    <Decimal>161</Decimal>
    <Name>t11FcRscnMIB</Name>
    <Description>T11-FC-RSCN-MIB</Description>
  </code>
  <code>
    <Decimal>162</Decimal>
    <Name>t11FcFabricConfigServerMIB</Name>
    <Description>T11-FC-FABRIC-CONFIG-SERVER-MIB</Description>
  </code>
  <code>
    <Decimal>163</Decimal>
    <Name>isnsMIB</Name>
    <Description>ISNS-MIB</Description>
  </code>
  <code>
    <Decimal>164</Decimal>
    <Name>uriTcMIB</Name>
    <Description>URI-TC-MIB</Description>
  </code>
  <code>
    <Decimal>165</Decimal>
    <Name>langTagTcMIB</Name>
    <Description>LANGTAG-TC-MIB</Description>
  </code>
  <code>
    <Decimal>166</Decimal>
    <Name>ifCapStackMIB</Name>
    <Description>IF-CAP-STACK-MIB</Description>
  </code>
  <code>
    <Decimal>167</Decimal>
    <Name>efmCuMIB</Name>
    <Description>EFM-CU-MIB</Description>
  </code>
  <code>
    <Decimal>168</Decimal>
    <Name>ipMcastMIB</Name>
    <Description>IP-Multicast-MIB</Description>
  </code>
  <code>
    <Decimal>169</Decimal>
    <Name>pktcIetfSigMib</Name>
    <Description>PKTC-IETF-SIG-MIB</Description>
  </code>
  <code>
    <Decimal>170</Decimal>
    <Name>udpliteMIB</Name>
    <Description>UDP-Lite Management</Description>
  </code>
  <code>
    <Decimal>171</Decimal>
    <Name>midcomMIB</Name>
    <Description>MIDCOM-MIB</Description>
  </code>
  <code>
    <Decimal>172</Decimal>
    <Name>pimBsrMIB</Name>
    <Description>pimBsrMIB</Description>
  </code>
  <code>
    <Decimal>173</Decimal>
    <Name>syslogTCMIB</Name>
    <Description>SYSLOG-TC-MIB</Description>
  </code>
  <code>
    <Decimal>174</Decimal>
    <Name>ianaPwe3MIB</Name>
    <Description>IANA-PWE3-MIB</Description>
  </code>
  <code>
    <Decimal>175</Decimal>
    <Name>t11FcTcMIB</Name>
    <Description>T11-FC-SP-TC-MIB</Description>
  </code>
  <code>
    <Decimal>176</Decimal>
    <Name>t11FcSpAuthenticationMIB</Name>
    <Description>T11-FC-SP-AUTHENTICATION-MIB</Description>
  </code>
  <code>
    <Decimal>177</Decimal>
    <Name>t11FcSpZoningMIB</Name>
    <Description>T11-FC-SP-ZONING-MIB</Description>
  </code>
  <code>
    <Decimal>178</Decimal>
    <Name>t11FcSpPolicyMIB</Name>
    <Description>T11-FC-SP-POLICY-MIB</Description>
  </code>
  <code>
    <Decimal>179</Decimal>
    <Name>t11FcSpSaMIB</Name>
    <Description>T11-FC-SP-SA-MIB</Description>
  </code>
  <code>
    <Decimal>180</Decimal>
    <Name>pwEnetStdMIB</Name>
    <Description>PW-ENET-STD-MIB</Description>
  </code>
  <code>
    <Decimal>181</Decimal>
    <Name>pwMplsStdMIB</Name>
    <Description>PW-MPLS-STD-MIB</Description>
  </code>
  <code>
    <Decimal>182</Decimal>
    <Name>pktcIetfEventMib</Name>
    <Description>PKTC-IETF-EVENT-MIB</Description>
  </code>
  <code>
    <Decimal>183</Decimal>
    <Name>pwATMMIB</Name>
    <Description>PW-ATM-MIB</Description>
  </code>
  <code>
    <Decimal>184</Decimal>
    <Name>nemoMIB</Name>
    <Description>nemoMIB</Description>
  </code>
  <code>
    <Decimal>185</Decimal>
    <Name>mgmdStdMIB</Name>
    <Description>MGMD-STD-MIB</Description>
  </code>
  <code>
    <Decimal>186</Decimal>
    <Name>pwTDMMIB</Name>
    <Description>PW-TDM-MIB</Description>
  </code>
  <code>
    <Decimal>187</Decimal>
    <Name>forcesMIB</Name>
    <Description>FORCES-MIB</Description>
  </code>
  <code>
    <Decimal>188</Decimal>
    <Name>pwTcStdMIB</Name>
    <Description>PW-TC-STD-MIB</Description>
  </code>
  <code>
    <Decimal>189</Decimal>
    <Name>sshtmMIB</Name>
    <Description>
      Secure Shell Transport Model
      MIB
    </Description>
  </code>
  <code>
    <Decimal>190</Decimal>
    <Name>snmpTsmMIB</Name>
    <Description>Transport Security Model MIB</Description>
  </code>
  <code>
    <Decimal>191</Decimal>
    <Name>ospfv3MIB</Name>
    <Description>OSPFV3-MIB</Description>
  </code>
  <code>
    <Decimal>192</Decimal>
    <Name>syslogMsgMib</Name>
    <Description>SYSLOG-MSG-MIB</Description>
  </code>
  <code>
    <Decimal>193</Decimal>
    <Name>ipfixMIB</Name>
    <Description>IPFIX-MIB</Description>
  </code>
  <code>
    <Decimal>194</Decimal>
    <Name>ipfixSelectorMIB</Name>
    <Description>IPFIX-SELECTOR-MIB</Description>
  </code>
  <code>
    <Decimal>195</Decimal>
    <Name>capwapDot11MIB</Name>
    <Description>CAPWAP-DOT11-MIB</Description>
  </code>
  <code>
    <Decimal>196</Decimal>
    <Name>capwapBaseMIB</Name>
    <Description>CAPWAP-BASE-MIB</Description>
  </code>
  <code>
    <Decimal>197</Decimal>
    <Name>ntpSnmp</Name>
    <Description>NTP-SNMP-MIB</Description>
  </code>
  <code>
    <Decimal>198</Decimal>
    <Name>snmpTlstmMIB</Name>
    <Description>SNMP-TLS-TM-MIB</Description>
  </code>
  <code>
    <Decimal>199</Decimal>
    <Name>vacmAaaMIB</Name>
    <Description>VACM-AAA-MIB</Description>
  </code>
  <code>
    <Decimal>200</Decimal>
    <Name>pwCepStdMIB</Name>
    <Description>PW-CEP-STD-MIB</Description>
  </code>
  <code>
    <Decimal>201</Decimal>
    <Name>floatTcMIB</Name>
    <Description>FLOAT-TC-MIB</Description>
  </code>
  <code>
    <Decimal>202</Decimal>
    <Name>mplsFrrGeneralStdMIB</Name>
    <Description>MPLS-FRR-GENERAL-STD-MIB</Description>
  </code>
  <code>
    <Decimal>203</Decimal>
    <Name>mplsFrrOne2oneStdMIB</Name>
    <Description>MPLS-FRR-ONE2ONE-STD-MIB</Description>
  </code>
  <code>
    <Decimal>204</Decimal>
    <Name>mplsFrrFacilityStdMIB</Name>
    <Description>MPLS-FRR-FACILITY-STD-MIB</Description>
  </code>
  <code>
    <Decimal>205</Decimal>
    <Name>pmip6TCMIB</Name>
    <Description>PMIPV6-TC-MIB</Description>
  </code>
  <code>
    <Decimal>206</Decimal>
    <Name>pmip6MIB</Name>
    <Description>PMIPV6-MIB</Description>
  </code>
  <code>
    <Decimal>207</Decimal>
    <Name>vrrpv3MIB</Name>
    <Description>VRRPV3-MIB</Description>
  </code>
  <code>
    <Decimal>208</Decimal>
    <Name>g9981MIB</Name>
    <Description>G9981-MIB</Description>
  </code>
  <code>
    <Decimal>209</Decimal>
    <Name>g9982MIB</Name>
    <Description>G9982-MIB</Description>
  </code>
  <code>
    <Decimal>210</Decimal>
    <Name>g9983MIB</Name>
    <Description>G9983-MIB</Description>
  </code>
  <code>
    <Decimal>211</Decimal>
    <Name>gBondMIB</Name>
    <Description>GBOND-MIB</Description>
  </code>
  <code>
    <Decimal>212</Decimal>
    <Name>psampMIB</Name>
    <Description>PSAMP-MIB</Description>
  </code>
  <code>
    <Decimal>213</Decimal>
    <Name>nhdpMIB</Name>
    <Description>NHDP-MIB</Description>
  </code>
  <code>
    <Decimal>214</Decimal>
    <Name>rbridgeMIB</Name>
    <Description>RBRIDGE-MIB</Description>
  </code>
  <code>
    <Decimal>215</Decimal>
    <Name>ianaGBondTcMIB</Name>
    <Description>IANA-GBOND-TC-MIB</Description>
  </code>
  <code>
    <Decimal>216</Decimal>
    <Name>ianaEntityMIB</Name>
    <Description>IANA-ENTITY-MIB</Description>
  </code>
  <code>
    <Decimal>217</Decimal>
    <Name>uuidTCMIB</Name>
    <Description>UUID-TC-MIB</Description>
  </code>
  <code>
    <Decimal>218</Decimal>
    <Name>rpkiRtrMIB</Name>
    <Description>RPKI-ROUTER-MIB</Description>
  </code>
  <code>
    <Decimal>219</Decimal>
    <Name>olsrv2MIB</Name>
    <Description>OLSRv2-MIB</Description>
  </code>
  <code>
    <Decimal>220</Decimal>
    <Name>lispMIB</Name>
    <Description>Locator/ID Separation Protocol (LISP)</Description>
  </code>
  <code>
    <Decimal>221</Decimal>
    <Name>ianaOlsrv2LinkMetricTypeMIB</Name>
    <Description>IANA-OLSRv2-LINK-METRIC-TYPE-MIB</Description>
  </code>
  <code>
    <Decimal>222</Decimal>
    <Name>bfdMIB</Name>
    <Description>BFD-STD-MIB</Description>
  </code>
  <code>
    <Decimal>223</Decimal>
    <Name>bfdTCStdMIB</Name>
    <Description>BFD-TC-STD-MIB</Description>
  </code>
  <code>
    <Decimal>224</Decimal>
    <Name>ianaBfdTCStdMIB</Name>
    <Description>IANA-BFD-TC-STD-MIB</Description>
  </code>
  <code>
    <Decimal>225</Decimal>
    <Name>ianaSmfMIB</Name>
    <Description>IANA-SMF-MIB</Description>
  </code>
  <code>
    <Decimal>226</Decimal>
    <Name>lowpanMIB</Name>
    <Description>LOWPAN-MIB</Description>
  </code>
  <code>
    <Decimal>227</Decimal>
    <Name>pcePcepMIB</Name>
    <Description>PCE-PCEP-MIB</Description>
  </code>
  <code>
    <Decimal>228</Decimal>
    <Name>IANAPowerStateSet-MIB</Name>
    <Description>IANA-POWER-STATE-SET-MIB</Description>
  </code>
  <code>
    <Decimal>229</Decimal>
    <Name>energyObjectMIB</Name>
    <Description>ENERGY-OBJECT-MIB</Description>
  </code>
  <code>
    <Decimal>230</Decimal>
    <Name>powerAttributesMIB</Name>
    <Description>POWER-ATTRIBUTES-MIB</Description>
  </code>
  <code>
    <Decimal>231</Decimal>
    <Name>energyObjectContextMIB</Name>
    <Description>ENERGY-OBJECT-CONTEXT-MIB</Description>
  </code>
  <code>
    <Decimal>232</Decimal>
    <Name>ianaEnergyRelationMIB</Name>
    <Description>IANA-ENERGY-RELATION-MIB</Description>
  </code>
  <code>
    <Decimal>233</Decimal>
    <Name>batteryMIB</Name>
    <Description>BATTERY-MIB</Description>
  </code>
  <code>
    <Decimal>234</Decimal>
    <Name>natv2MIB</Name>
    <Description>NATV2-MIB</Description>
  </code>
  <code>
    <Decimal>235</Decimal>
    <Name>snmpUsmHmacSha2MIB</Name>
    <Description>SNMP-USM-HMAC-SHA2-MIB</Description>
  </code>
  <code>
    <Decimal>236</Decimal>
    <Name>vmMIB</Name>
    <Description>VM-MIB</Description>
  </code>
  <code>
    <Decimal>237</Decimal>
    <Name>ianaStorageMediaTypeMIB</Name>
    <Description>IANA-STORAGE-MEDIA-TYPE-MIB</Description>
  </code>
  <code>
    <Decimal>238</Decimal>
    <Name>trillOamMIB</Name>
    <Description>TRILL-OAM-MIB</Description>
  </code>
</codes>